name,Size,Room,Fee,Endprice,KvMPrice,Saledate,City,District,TypeOfProperty
Stadsträdgårdsgatan 12,109,5,5 373,4850000,44495.4128440367, 4 sep. 2024, Västerås kommun,Stadsträdgården / framnäs,Other
Knutsgatan 10A,103,4,6 160,3150000,30582.52427184466, 3 sep. 2024, Västerås kommun,Centralt,Other
Stentorpsgatan 22B,26,1,2 048,390000,15000.0, 3 sep. 2024, Västerås kommun,Malmaberg,Other
Askholmsvägen 20A,133,5,0,9800000,73684.21052631579, 3 sep. 2024, Västerås kommun,Tidö-lindö,Villa
Iduns väg 5,153,5,0,3350000,21895.42483660131, 3 sep. 2024, Västerås kommun,Irsta,Villa
Agnegatan 12C,43,1,1 958,1200000,27906.976744186046, 3 sep. 2024, Västerås kommun,Blåsbo,Other
Skälbygatan 159,119,5,0,2700000,22689.0756302521, 2 sep. 2024, Västerås kommun,Skälby,Villa
KASSELGATAN 1B,77,3,4 593,2500000,32467.532467532466, 2 sep. 2024, Västerås kommun,Lillhamra,Other
Neptungatan 4,77,3,4 718,3100000,40259.74025974026, 2 sep. 2024, Västerås kommun,Öster mälarstrand,Other
Annedalsgatan 3,212,6,0,7300000,34433.96226415094, 31 aug. 2024, Västerås kommun,Annedal,Villa
SVÄRDSLILJEGATAN 13A,68,3,4 662,1000000,14705.882352941177, 31 aug. 2024, Västerås kommun,Gideonsberg,Other
Nybomsgatan 3AD,92,4,0,3250000,35326.086956521736, 31 aug. 2024, Västerås kommun,Freja,Radhus
Ägirgatan 8,84,3,5 942,3170000,37738.09523809524, 31 aug. 2024, Västerås kommun,Öster mälarstrand,Other
Drottninggatan 32D,34,1,3 384,730000,21470.58823529412, 31 aug. 2024, Västerås kommun,Lustigkulla,Other
Lövhagsgatan 51,61,2,4 408,526000,8622.95081967213, 30 aug. 2024, Västerås kommun,Råby,Other
STENTORPSGATAN 15A,51,2,3 045,915000,17941.176470588234, 30 aug. 2024, Västerås kommun,Malmaberg,Other
REGEMENTSGATAN 24,77,3,2 677,1790000,23246.753246753247, 30 aug. 2024, Västerås kommun,Viksäng,Other
Källgatan 9B,62,2,2 696,1995000,32177.41935483871, 30 aug. 2024, Västerås kommun,City,Other
Snorregatan 6,107,4,0,2800000,26168.22429906542, 30 aug. 2024, Västerås kommun,Irsta,Villa
Kristiansborgsallén 1A,48,2,3 279,1395000,29062.5, 30 aug. 2024, Västerås kommun,Centralt/kristiansborg,Other
Rekylgatan 2,36,1,2 901,695000,19305.555555555555, 30 aug. 2024, Västerås kommun,Haga,Other
GUNNILBOGATAN 22B,92,4,3 672,1995000,21684.782608695652, 30 aug. 2024, Västerås kommun,Malmaberg,Other
BENVÄGEN 54,86,4,5 448,830000,9651.162790697674, 30 aug. 2024, Västerås kommun,Bjurhovda,Other
Patentgatan 13,76,3,4 768,2625000,34539.47368421053, 30 aug. 2024, Västerås kommun,Tegnérlunden,Other
Regnmätargatan 26,122,4,0,4695000,38483.60655737705, 30 aug. 2024, Västerås kommun,Talltorp,Radhus
Knotavägen 33,88,4,6 584,1450000,16477.272727272728, 30 aug. 2024, Västerås kommun,Västerås,Other
Flisavägen 26,74,2,4 489,1100000,14864.864864864865, 30 aug. 2024, Västerås kommun,Västerås,Other
Härjedalsvägen 11,123,5,0,3900000,31707.317073170732, 30 aug. 2024, Västerås kommun,Önsta gryta,Radhus
Släggkastargatan 5,77,3,5 532,1850000,24025.974025974025, 30 aug. 2024, Västerås kommun,Rönnby,Other
Adolf Zethelius gata 9,78,3,4 957,660000,8461.538461538461, 30 aug. 2024, Västerås kommun,Bäckby,Other
Tujagatan 9 2-1002,54,2,3 956,1195000,22129.62962962963, 29 aug. 2024, Västerås kommun,Skiljebo äng,Other
Nybynäsvägen 4,54,2,0,3500000,64814.81481481482, 29 aug. 2024, Västerås kommun,Nybynäs,Villa
KARLFELDTSGATAN 90,108,4,0,3200000,29629.62962962963, 29 aug. 2024, Västerås kommun,Nordanby,Radhus
Julrosvägen 3,90,3,5 687,2000000,22222.222222222223, 29 aug. 2024, Västerås kommun,Gryta,Other
Åsgårdsgatan 18,102,5,0,3150000,30882.352941176472, 29 aug. 2024, Västerås kommun,Irsta,Villa
Älvkullevägen 38,152,6,0,5900000,38815.78947368421, 29 aug. 2024, Västerås kommun,Älvkullen,Radhus
Kaserngatan 85,75,3,3 498,1800000,24000.0, 29 aug. 2024, Västerås kommun,Viksäng,Other
Södra Ringvägen 2E,76,3,5 177,2900000,38157.89473684211, 29 aug. 2024, Västerås kommun,Centrum,Other
Ekevägen 13B,72,3,4 806,1695000,23541.666666666668, 29 aug. 2024, Västerås kommun,Skiljebo,Other
Sjöjungfrugatan 4,110,4,6 193,4650000,42272.72727272727, 29 aug. 2024, Västerås kommun,Öster mälarstrand,Other
SKYTTEGATAN 6A ,60,2,4 303,1150000,19166.666666666668, 29 aug. 2024, Västerås kommun,Haga,Other
Claréusgatan 14,78,3,5 369,3950000,50641.02564102564, 29 aug. 2024, Västerås kommun,Stallhagen,Other
Vegagatan 5A,41,2,3 500,990000,24146.341463414636, 29 aug. 2024, Västerås kommun,Vega,Other
Snytenvägen 31,118,5,0,4250000,36016.94915254237, 29 aug. 2024, Västerås kommun,Hagaberg,Villa
Timmermansgatan 3,156,5,7 081,5500000,35256.41025641026, 29 aug. 2024, Västerås kommun,Centrum,Other
Källhagsgatan 4B,36,1,2 705,725000,20138.88888888889, 29 aug. 2024, Västerås kommun,Haga,Other
Klyvargatan 10,111,4,5 713,4125000,37162.16216216216, 29 aug. 2024, Västerås kommun,Öster mälarstrand,Other
Vetterslundsgatan 70,97,4,7 100,1000000,10309.278350515464, 29 aug. 2024, Västerås kommun,Vetterslund,Other
Klockartorpsgatan 18F,126,4,5 200,3895000,30912.698412698413, 29 aug. 2024, Västerås kommun,Klockartorpet,Radhus
Åsgränd 3,111,5,0,1050000,9459.45945945946, 2 sep. 2024, Hallstahammars kommun,Kolbäck,Villa
Nibblegatan 13,72,2,5 533,675000,9375.0, 29 aug. 2024, Hallstahammars kommun,Hallstahammar,Other
Västtunagatan 42A,58,2,3 649,375000,6465.517241379311, 29 aug. 2024, Hallstahammars kommun,Hallstahammar,Other
Snevringevägen 62,97,4,7 542,600000,6185.567010309278, 26 aug. 2024, Hallstahammars kommun,Lövboås,Other
Snevringevägen 64,59,2,4 686,475000,8050.847457627118, 25 aug. 2024, Hallstahammars kommun,Hallstahammar,Other
Snevringevägen 68,76,3,6 015,450000,5921.0526315789475, 21 aug. 2024, Hallstahammars kommun,Hallstahammar,Other
Västtunagatan 42a,39,1,2 651,385000,9871.794871794871, 15 aug. 2024, Hallstahammars kommun,Hallstahammar,Other
Sjövägen 11,231,8,0,5695000,24653.679653679654, 13 aug. 2024, Hallstahammars kommun,Gröndal,Villa
Norra Kapellgatan 18A,62,2,4 439,540000,8709.677419354839, 12 aug. 2024, Hallstahammars kommun,Hallstahammar,Other
Långgatan 4A,38,1,4 076,295000,7763.1578947368425, 8 aug. 2024, Hallstahammars kommun,Barnängen,Other
Fågelvägen 15,102,6,0,2450000,24019.607843137255, 6 aug. 2024, Hallstahammars kommun,Lövboås,Villa
BALDERSVÄGEN 33,177,7,0,3495000,19745.762711864405, 5 aug. 2024, Hallstahammars kommun,Hallstahammar,Villa
Oxelbacksvägen 8E,116,4,0,1300000,11206.896551724138, 1 aug. 2024, Hallstahammars kommun,Hallstahammar,Radhus
Bergslagsvägen 242C,140,5,0,4100000,29285.714285714286, 24 jul. 2024, Hallstahammars kommun,Näs,Villa
Norra Kapellg 10c,55,2,3 506,395000,7181.818181818182, 20 jul. 2024, Hallstahammars kommun,Hallstahammar,Other
Vallaregatan 5D,100,4,0,1995000,19950.0, 18 jul. 2024, Hallstahammars kommun,Fredhem,Radhus
Västtunagatan 44B,24,1,2 134,200000,8333.333333333334, 15 jul. 2024, Hallstahammars kommun,Hallstahammar,Other
Usterstavägen 9,129,5,0,2700000,20930.232558139534, 13 jul. 2024, Hallstahammars kommun,Näs,Villa
Rotevägen 3B,125,4,0,2100000,16800.0, 13 jul. 2024, Hallstahammars kommun,Hallstahammar,Villa
ELDSBODAVÄGEN 19A,55,2,2 800,650000,11818.181818181818, 11 jul. 2024, Hallstahammars kommun,Hallstahammar,Other
Bergslagsvägen 236,88,4,0,2100000,23863.636363636364, 10 jul. 2024, Hallstahammars kommun,Näs,Villa
Oxelbacksvägen 6D,116,5,0,1750000,15086.206896551725, 8 jul. 2024, Hallstahammars kommun,Hallstahammar,Radhus
Lövboåsvägen 6,62,2,4 407,590000,9516.129032258064, 5 jul. 2024, Hallstahammars kommun,Lövboås,Other
Vallaregatan 17,112,4,0,1950000,17410.714285714286, 5 jul. 2024, Hallstahammars kommun,Hallstahammar,Villa
Höjdgatan 12,110,4,6 401,1298000,11800.0, 5 jul. 2024, Hallstahammars kommun,Kolbäck,Villa
Finntorpet 19,32,2,0,850000,26562.5, 4 jul. 2024, Hallstahammars kommun,Hallstahammar,Fritidshus
BARNÄNGSGATAN 2,94,4,0,1700000,18085.106382978724, 29 jun. 2024, Hallstahammars kommun,Hallstahammar,Villa
Norra Idrottsvägen 3,112,5,0,1500000,13392.857142857143, 29 jun. 2024, Hallstahammars kommun,Trollebo,Villa
Diktäppevägen 3,92,5,0,2295000,24945.652173913044, 27 jun. 2024, Hallstahammars kommun,Fredhem,Villa
Mölntorpsvägen 12,195,8,0,3525000,18076.923076923078, 26 jun. 2024, Hallstahammars kommun,Mölntorp,Villa
Tibble 13,121,5,0,2150000,17768.595041322315, 24 jun. 2024, Hallstahammars kommun,Hallstahammar,Villa
Östtunagatan 5,70,3,5 450,505000,7214.285714285715, 21 jun. 2024, Hallstahammars kommun,Hallstahammar,Other
Östtunagatan 7,54,2,4 264,460000,8518.518518518518, 18 jun. 2024, Hallstahammars kommun,Hallstahammar,Other
Skomakarevägen 2a,54,2,2 422,875000,16203.703703703704, 18 jun. 2024, Hallstahammars kommun,Kolbäck,Other
Hallonvägen 11,81,3,0,1325000,16358.024691358025, 15 jun. 2024, Hallstahammars kommun,Tuna,Radhus
Västtunagatan 42B,39,1,2 651,350000,8974.358974358975, 13 jun. 2024, Hallstahammars kommun,Hallstahammar,Other
VALLMOGATAN 17,118,4,0,1875000,15889.830508474577, 5 jun. 2024, Hallstahammars kommun,Kolbäck,Radhus
VÄSTMANNAVÄGEN 17,126,5,0,3250000,25793.650793650795, 5 jun. 2024, Hallstahammars kommun,Hallstahammar,Villa
Gärdesvägen 32,90,5,0,2625000,29166.666666666668, 31 maj. 2024, Hallstahammars kommun,Lövboås,Villa
Bärsta 1,140,6,0,4800000,34285.71428571428, 31 maj. 2024, Hallstahammars kommun,Kolbäck,Gård
Johan Forsells väg 34,99,4,0,2100000,21212.121212121212, 30 maj. 2024, Hallstahammars kommun,Näs,Villa
Norra Lyckovägen 6E,123,5,0,2250000,18292.682926829268, 24 maj. 2024, Hallstahammars kommun,Fredhem,Radhus
Surbrunnsvägen 5C,39,1,2 153,440000,11282.051282051281, 24 maj. 2024, Hallstahammars kommun,Hallstahammar,Other
Gjuterivägen 3A,122,5,6 500,1450000,11885.245901639344, 23 maj. 2024, Hallstahammars kommun,Kolbäck,Other
Köpingsvägen 41,69,4,0,1595000,23115.942028985508, 22 maj. 2024, Hallstahammars kommun,Kolbäck,Villa
Slånbärsvägen 6,94,4,0,1725000,18351.063829787236, 21 maj. 2024, Hallstahammars kommun,Hallstahammar,Radhus
Finntorpet 13,184,6,0,3350000,18206.521739130436, 18 maj. 2024, Hallstahammars kommun,Hallstahammar,Villa
Oskarsborgsvägen 42,127,5,0,2000000,15748.031496062993, 17 maj. 2024, Hallstahammars kommun,Strömsholm,Villa
Turbovägen 31,127,5,0,2700000,21259.84251968504, 23 aug. 2024, Surahammars kommun,Surahammar,Villa
TURBOVÄGEN 19,129,4,0,2175000,16860.46511627907, 19 aug. 2024, Surahammars kommun,Surahammar,Radhus
Strandvägen 19,82,4,0,1210000,14756.09756097561, 15 aug. 2024, Surahammars kommun,Virsbo,Villa
Tallgatan 7,125,6,0,2500000,20000.0, 9 aug. 2024, Surahammars kommun,Surahammar,Villa
METALLGATAN 3,87,5,0,1500000,17241.379310344826, 7 aug. 2024, Surahammars kommun,Surahammar,Villa
Lisjövägen 48,140,4,0,1745000,12464.285714285714, 1 aug. 2024, Surahammars kommun,Västsura herrgård,Fritidshus
Bergslagsvägen 180,38,2,0,865000,22763.157894736843, 31 jul. 2024, Surahammars kommun,Ramnäs,Fritidshus
VÄSTERSJÖVÄGEN 57,137,4,0,2295000,16751.82481751825, 25 jul. 2024, Surahammars kommun,Surahammar,Villa
Dammvägen 4A,60,2,3 586,210000,3500.0, 23 jul. 2024, Surahammars kommun,Ramnäs,Other
Kapellgatan 1A,56,2,3 770,395000,7053.571428571428, 18 jul. 2024, Surahammars kommun,Surahammar,Other
Timmervägen 1,59,2,3 987,395000,6694.9152542372885, 18 jul. 2024, Surahammars kommun,Surahammar,Other
Parkvägen 6,103,4,0,1000000,9708.73786407767, 16 jul. 2024, Surahammars kommun,Surahammar,Villa
Norrgårdsgränd 4,81,3,3 929,400000,4938.271604938272, 16 jul. 2024, Surahammars kommun,Virsbo,Other
Getängsvägen 40,45,2,Slutpris 550 000,550000,12222.222222222223, 16 jul. 2024, Surahammars kommun,Hallstahammar,Fritidshus
Skrivarvägen 4,118,4,0,975000,8262.71186440678, 12 jul. 2024, Surahammars kommun,Virsbo,Villa
Borevägen 15B,58,2,3 800,290000,5000.0, 12 jul. 2024, Surahammars kommun,Surahammar,Other
Källbergsvägen 36,26,1,2 324,240000,9230.76923076923, 9 jul. 2024, Surahammars kommun,Surahammar,Other
Stenbovägen 15,146,5,0,2800000,19178.08219178082, 4 jul. 2024, Surahammars kommun,Surahammar,Villa
Skogsvägen 12,133,5,0,3200000,24060.15037593985, 30 jun. 2024, Surahammars kommun,Ramnäs,Villa
Stenbovägen 10,176,7,0,2450000,13920.454545454546, 27 jun. 2024, Surahammars kommun,Surahammar,Villa
STRÅKVÄGEN 1,145,5,0,2500000,17241.379310344826, 26 jun. 2024, Surahammars kommun,Surahammar,Villa
Åshammarvägen 58 C,54,2,3 459,155000,2870.3703703703704, 25 jun. 2024, Surahammars kommun,Ramnäs,Other
SKOGSVÄGEN 3,113,4,0,1600000,14159.29203539823, 19 jun. 2024, Surahammars kommun,Virsbo,Villa
Gärdesvägen 14,118,5,0,1395000,11822.033898305084, 18 jun. 2024, Surahammars kommun,Virsbo,Radhus
Snickartorpsvägen 15,106,3,0,2495000,23537.735849056604, 18 jun. 2024, Surahammars kommun,Surahammar,Villa
ÅSVÄGEN 21,128,6,0,870000,6796.875, 18 jun. 2024, Surahammars kommun,Ramnäs,Villa
Harmonivägen 6,119,5,0,1580000,13277.310924369747, 15 jun. 2024, Surahammars kommun,Surahammar,Villa
Svenskbyvägen 10,28,2,0,630000,22500.0, 4 jun. 2024, Surahammars kommun,Surahammar,Fritidshus
Kapellgatan 5B,56,2,3 630,380000,6785.714285714285, 4 jun. 2024, Surahammars kommun,Centralt,Other
Svenskbyvägen 4,40,2,0,900000,22500.0, 30 maj. 2024, Surahammars kommun,Surahammar,Fritidshus
Magsjöstigen 3,16,1,0,895000,55937.5, 29 maj. 2024, Surahammars kommun,Surahammar,Fritidshus
Lötvägen 4,117,5,0,1480000,12649.57264957265, 28 maj. 2024, Surahammars kommun,Ramnäs,Villa
KAPELLGATAN 5C,56,2,3 630,290000,5178.571428571428, 23 maj. 2024, Surahammars kommun,Surahammar,Other
Borevägen 15 A,58,2,3 800,430000,7413.793103448276, 20 maj. 2024, Surahammars kommun,Surahammar,Other
Annehillsvägen 3,109,5,0,1625000,14908.256880733945, 17 maj. 2024, Surahammars kommun,Ramnäs,Villa
Brytarvägen 3,133,6,0,1595000,11992.481203007519, 14 maj. 2024, Surahammars kommun,Ramnäs,Villa
Hopslagarvägen 21,148,6,0,2550000,17229.72972972973, 11 maj. 2024, Surahammars kommun,Ramnäs,Villa
Järnbärarvägen 4,106,4,0,1945000,18349.056603773584, 30 apr. 2024, Surahammars kommun,Surahammar,Villa
Östergatan 88A,56,2,4 353,450000,8035.714285714285, 29 apr. 2024, Surahammars kommun,Surahammar,Other
Hjulmakarvägen 10,120,4,0,1695000,14125.0, 25 apr. 2024, Surahammars kommun,Surahammar,Villa
Åshammarvägen 56B,70,3,4 426,285000,4071.4285714285716, 17 apr. 2024, Surahammars kommun,Ramnäs,Other
Östergatan 26,86,4,0,825000,9593.023255813954, 12 apr. 2024, Surahammars kommun,Surahammar,Villa
Kapellgatan 1B,56,2,3 770,245000,4375.0, 12 apr. 2024, Surahammars kommun,Surahammar,Other
Hjulmakarvägen 40C,57,2,3 861,400000,7017.543859649123, 12 apr. 2024, Surahammars kommun,Surahammar,Other
Borgtäppan 5,79,4,0,1710000,21645.569620253165, 28 mar. 2024, Surahammars kommun,Surahammar,Villa
Bergsgatan 12,160,5,0,1750000,10937.5, 27 mar. 2024, Surahammars kommun,Surahammar,Villa
Murargatan 51,104,4,0,1500000,14423.076923076924, 26 mar. 2024, Surahammars kommun,Surahammar,Villa
Metallgatan 16,89,2,0,1500000,16853.932584269663, 26 mar. 2024, Surahammars kommun,Surahammar,Villa
Hjulmakarvägen 38C,57,2,3 631,435000,7631.578947368421, 25 mar. 2024, Surahammars kommun,Surahammar,Other
Näsvägen 1,114,4,0,1400000,12280.701754385966, 22 mar. 2024, Surahammars kommun,Virsbo,Villa
Odensvi prästgård 21,103,4,0,1300000,12621.359223300971, 3 sep. 2024, Köpings kommun,Odensvi,Villa
Ringvägen 51E,65,3,4 652,925000,14230.76923076923, 2 sep. 2024, Köpings kommun,Johannisdal,Other
Överberga Kilarna 5,120,4,0,2295000,19125.0, 2 sep. 2024, Köpings kommun,Kilarna,Villa
Gamla vägen 11,70,2,0,1250000,17857.14285714286, 31 aug. 2024, Köpings kommun,Stäudd,Fritidshus
Violgatan 8B,72,3,4 355,1650000,22916.666666666668, 30 aug. 2024, Köpings kommun,Ullvi backar,Other
Hisingsgatan 11,205,7,0,3800000,18536.585365853658, 30 aug. 2024, Köpings kommun,Stigarna,Villa
Svalvägen 12,142,6,0,4850000,34154.92957746479, 29 aug. 2024, Köpings kommun,Elund,Villa
Kulinge 15,30,1,0,570000,19000.0, 27 aug. 2024, Köpings kommun,Köping,Fritidshus
Östanåsgatan 15 Lgh 1202 ,70,3,4 412,975000,13928.57142857143, 27 aug. 2024, Köpings kommun,Östanås,Other
Kulinge 15,30,1,0,570000,19000.0, 27 aug. 2024, Köpings kommun,Köping,Fritidshus
Bergslagsvägen 119 A,91,4,6 100,220000,2417.5824175824177, 26 aug. 2024, Köpings kommun,Kolsva,Other
Hagavägen 34A,81,3,4 689,820000,10123.456790123457, 25 aug. 2024, Köpings kommun,Johannisdal,Other
Nyckelbergsvägen 52B,38,1,2 243,285000,7500.0, 24 aug. 2024, Köpings kommun,Nyckelberget,Other
Torsgatan 21 a,54,2,3 714,500000,9259.25925925926, 23 aug. 2024, Köpings kommun,Nyckelberget,Other
Ringensons väg 2D,123,5,0,2150000,17479.674796747968, 23 aug. 2024, Köpings kommun,Köping,Radhus
Sadelgatan 37,127,5,0,1650000,12992.125984251968, 21 aug. 2024, Köpings kommun,Köping,Villa
Kulinge Nissestigen 3,26,2,0,465000,17884.615384615383, 17 aug. 2024, Köpings kommun,Köping,Fritidshus
Kihlmansgatan 34D,82,3,4 690,775000,9451.219512195123, 16 aug. 2024, Köpings kommun,Skogsbrynet,Other
Virgatan 14B,98,4,0,1850000,18877.551020408162, 16 aug. 2024, Köpings kommun,Centralt,Radhus
Gulsparvsvägen 16,98,4,0,2195000,22397.95918367347, 16 aug. 2024, Köpings kommun,Elund,Villa
Västeråsvägen 19,147,4,0,1800000,12244.897959183674, 16 aug. 2024, Köpings kommun,Centrum,Villa
Bodavägen 22,40,3,0,700000,17500.0, 15 aug. 2024, Köpings kommun,Sundänge,Fritidshus
Rödhakestigen 2,40,3,0,1125000,28125.0, 15 aug. 2024, Köpings kommun,Sundänge,Fritidshus
Mariebergsgatan 26C,54,2,4 131,575000,10648.148148148148, 15 aug. 2024, Köpings kommun,Nyckelberget,Other
Stekelgatan 7,80,3,6 812,1600000,20000.0, 15 aug. 2024, Köpings kommun,Ullvibackar,Radhus
Kihlmansgatan 28D,62,2,3 742,485000,7822.580645161291, 12 aug. 2024, Köpings kommun,Skogsbrynet,Other
Stora gatan 19,79,3,3 437,1055000,13354.430379746835, 11 aug. 2024, Köpings kommun,Centrum,Other
Julgranstigen 6,89,4,0,1850000,20786.516853932586, 9 aug. 2024, Köpings kommun,Köping,Fritidshus
Sveavägen 6A,71,3,4 375,500000,7042.2535211267605, 9 aug. 2024, Köpings kommun,Karlsdal,Other
Prästgärdsgatan 22A,56,3,3 475,295000,5267.857142857143, 9 aug. 2024, Köpings kommun,Centralt,Other
Viktoriagatan 6B,50,2,4 062,400000,8000.0, 7 aug. 2024, Köpings kommun,Centrum,Other
Svedelius väg 20,139,6,0,1650000,11870.503597122302, 5 aug. 2024, Köpings kommun,Johannisdal,Villa
Sörsylta 4,170,7,0,6500000,38235.294117647056, 31 jul. 2024, Köpings kommun,Sörsylta,Gård
Erlandsvägen 33C ,61,2,3 527,850000,13934.426229508197, 30 jul. 2024, Köpings kommun,Johannisdal,Other
Sankt Olovsgatan 58a,68,2,4 344,800000,11764.70588235294, 30 jul. 2024, Köpings kommun,Köping,Other
Hagavägen 8A,70,3,5 017,635000,9071.42857142857, 26 jul. 2024, Köpings kommun,Östanås,Other
Trollsländegatan 48,126,5,0,2650000,21031.74603174603, 25 jul. 2024, Köpings kommun,Köping ullvibackar,Villa
Bellevuevägen 22,86,3,0,880000,10232.558139534884, 25 jul. 2024, Köpings kommun,Köping,Villa
Tallebovägen 1A,109,4,6 054,2005000,18394.495412844037, 25 jul. 2024, Köpings kommun,Arbmansberg,Other
Passgatan 4,129,4,0,2240000,17364.341085271317, 25 jul. 2024, Köpings kommun,Köping,Villa
Tallebovägen 7D,109,4,6 054,2150000,19724.770642201835, 23 jul. 2024, Köpings kommun,Arbmansberg,Other
Guttstavägen 18,180,6,0,3200000,17777.777777777777, 23 jul. 2024, Köpings kommun,Kolsva,Villa
Laggby 4,182,7,0,3000000,16483.516483516483, 23 jul. 2024, Köpings kommun,Köping,Villa
Odensvi Barksta 32,190,6,Slutpris 5 400 000,5400000,28421.052631578947, 23 jul. 2024, Köpings kommun,Odensvi,Gård
Bergslagsvägen 14A,71,3,4 633,680000,9577.464788732394, 19 jul. 2024, Köpings kommun,Karlsdal,Other
Björnstigen 27,150,5,0,3350000,22333.333333333332, 19 jul. 2024, Köpings kommun,Stigarna,Villa
Pungbovägen 26B,60,2,4 430,465000,7750.0, 19 jul. 2024, Köpings kommun,Östanås,Other
Hjortstigen 2,113,5,0,2750000,24336.283185840708, 19 jul. 2024, Köpings kommun,Stigarna,Villa
Rödhakestigen 6,80,4,0,1395000,17437.5, 18 jul. 2024, Köpings kommun,Sundänge,Fritidshus
Bergslagsvägen 10B,71,3,3 902,425000,5985.915492957746, 17 jul. 2024, Köpings kommun,Köping,Other
Sandgatan 27,110,5,6 983,2600000,23636.363636363636, 3 sep. 2024, Enköpings kommun,Centrum,Other
Kaprifolvägen 17,135,5,0,6240000,46222.22222222222, 2 sep. 2024, Enköpings kommun,Örsundsbro,Villa
Ängsgatan 7,153,7,0,4130000,26993.46405228758, 31 aug. 2024, Enköpings kommun,Korsängen,Villa
Skogsvägen 5,120,7,0,5550000,46250.0, 30 aug. 2024, Enköpings kommun,Fanna,Villa
Korvettvägen 9,91,3,0,4000000,43956.043956043955, 30 aug. 2024, Enköpings kommun,Bredsand,Radhus
Kungsgatan 11,57,2,3 199,1625000,28508.77192982456, 30 aug. 2024, Enköpings kommun,Centrum,Other
Kattugglegränd 1,74,2,4 514,730000,9864.864864864865, 29 aug. 2024, Enköpings kommun,Lillsidan,Other
Astrakangatan 45,98,4,0,2050000,20918.367346938776, 29 aug. 2024, Enköpings kommun,Lillsidan,Radhus
Tullgatan 7B,73,3,3 668,2400000,32876.71232876712, 28 aug. 2024, Enköpings kommun,Centrum,Other
Fårticksgatan 50,126,5,0,3250000,25793.650793650795, 28 aug. 2024, Enköpings kommun,Husberg,Radhus
Hejaregatan 5,60,2,4 105,1250000,20833.333333333332, 27 aug. 2024, Enköpings kommun,Fanna,Other
Odlingsvägen 52,130,5,6 424,1625000,12500.0, 27 aug. 2024, Enköpings kommun,Lillkyrka,Radhus
Eriksgatan 36,92,4,3 389,2300000,25000.0, 27 aug. 2024, Enköpings kommun,Centrum,Other
Bergsgatan 10,70,3,5 153,1430000,20428.571428571428, 27 aug. 2024, Enköpings kommun,Enköping,Other
Mistelvägen 9,191,6,0,5450000,28534.031413612567, 26 aug. 2024, Enköpings kommun,Örsundsbro,Villa
Kungshusby 31,140,5,0,5850000,41785.71428571428, 23 aug. 2024, Enköpings kommun,Enköping,Villa
Kungsgatan 38,80,3,5 390,1850000,23125.0, 23 aug. 2024, Enköpings kommun,Centrum,Other
Rombergsgatan 14,70,3,3 796,1300000,18571.428571428572, 22 aug. 2024, Enköpings kommun,Romberga,Other
Sankt Olofsgatan 4A,58,2,3 199,1535000,26465.51724137931, 22 aug. 2024, Enköpings kommun,Sankt ilian,Other
Röksvampsgatan 2,125,8,0,4900000,39200.0, 22 aug. 2024, Enköpings kommun,Bergvreten,Villa
Idrottsallén 2,42,2,2 855,1400000,33333.333333333336, 21 aug. 2024, Enköpings kommun,Munksundet,Other
Kryddgårdsgatan 23,45,2,3 608,1150000,25555.555555555555, 21 aug. 2024, Enköpings kommun,Centrum,Other
Tallbacksvägen 20,38,1,2 596,670000,17631.57894736842, 21 aug. 2024, Enköpings kommun,Fanna,Other
Bred Edsberga 3,41,2,0,1200000,29268.29268292683, 20 aug. 2024, Enköpings kommun,Enköping,Fritidshus
Bred Ängesta 3,100,3,0,3300000,33000.0, 20 aug. 2024, Enköpings kommun,Enköping,Villa
Fregattvägen 5A,96,4,5 400,2965000,30885.416666666668, 19 aug. 2024, Enköpings kommun,Bredsand,Radhus
Hejaregatan 3,109,5,0,4040000,37064.220183486235, 19 aug. 2024, Enköpings kommun,Fanna,Villa
Lilla vägen 5,115,4,7 074,2650000,23043.478260869564, 18 aug. 2024, Enköpings kommun,Centrum,Other
Fannagatan 28,71,2,5 699,1275000,17957.74647887324, 17 aug. 2024, Enköpings kommun,Fanna,Other
Pärlugglegränd 5,100,4,6 667,1075000,10750.0, 16 aug. 2024, Enköpings kommun,Lillsidan,Other
Odlingsvägen 58,130,5,6 352,1470000,11307.692307692309, 16 aug. 2024, Enköpings kommun,Lillkyrka,Radhus
Villberga-Hässelby 2,171,7,0,3650000,21345.02923976608, 16 aug. 2024, Enköpings kommun,Grillby,Villa
Veckholms-Väppeby 22,46,2,0,1450000,31521.739130434784, 16 aug. 2024, Enköpings kommun,Veckholm,Fritidshus
Kyrkogatan 17,63,2,3 746,1775000,28174.603174603173, 14 aug. 2024, Enköpings kommun,Centrum,Other
Verkmästaregatan 42,73,3,5 926,1650000,22602.739726027397, 14 aug. 2024, Enköpings kommun,Enköping,Other
Långtora 57,78,5,0,2850000,36538.46153846154, 14 aug. 2024, Enköpings kommun,Enköping,Villa
Torstuna Myrsjö 4,125,5,0,2025000,16200.0, 13 aug. 2024, Enköpings kommun,Fjärdhundra,Villa
Torstuna Vappeby 4,64,4,0,2200000,34375.0, 12 aug. 2024, Enköpings kommun,Torstuna,Villa
Tallbacksvägen 16,51,2,3 514,1375000,26960.78431372549, 12 aug. 2024, Enköpings kommun,Fanna,Other
Plommongatan 8,113,5,0,2650000,23451.327433628318, 10 aug. 2024, Enköpings kommun,Lillsidan,Villa
Regalskeppsvägen 26C,72,3,6 849,1400000,19444.444444444445, 7 aug. 2024, Enköpings kommun,Bredsand,Other
Rådmansgatan 8a,92,4,4 475,2650000,28804.347826086956, 7 aug. 2024, Enköpings kommun,Centrum,Other
Fjärilsstigen 37,64,2,4 982,1260000,19687.5, 7 aug. 2024, Enköpings kommun,Gånsta,Other
Salagatan 10A,43,1,2 386,1225000,28488.372093023256, 31 jul. 2024, Enköpings kommun,Centrum,Other
Gäddvägen 54,51,3,0,1650000,32352.941176470587, 30 jul. 2024, Enköpings kommun,Märsön,Fritidshus
Hejaregatan 4,56,2,3 539,1260000,22500.0, 28 jul. 2024, Enköpings kommun,Fanna,Other
Storgatan 30,90,4,0,1425000,15833.333333333334, 3 sep. 2024, Kungsörs kommun,Haga,Villa
Överby 112,105,6,0,2250000,21428.571428571428, 28 aug. 2024, Kungsörs kommun,Överby,Villa
Hästvägen 11,125,4,0,1825000,14600.0, 26 aug. 2024, Kungsörs kommun,Kungsör,Villa
Vivelgatan 12,138,4,0,2300000,16666.666666666668, 8 aug. 2024, Kungsörs kommun,Kungsör,Villa
Drottninggatan 44,120,4,0,1550000,12916.666666666666, 1 aug. 2024, Kungsörs kommun,Centralt,Villa
Ringvägen 12,132,5,0,1900000,14393.939393939394, 30 jul. 2024, Kungsörs kommun,Centralt i kungsör,Villa
Björkvägen 12,114,5,0,1550000,13596.491228070176, 22 jul. 2024, Kungsörs kommun,Skillinge,Villa
Skottvägen 11,62,3,0,1200000,19354.83870967742, 5 jul. 2024, Kungsörs kommun,Skottbacken,Villa
Magasinsgatan 25,76,3,4 513,1100000,14473.684210526315, 4 jul. 2024, Kungsörs kommun,Kungsör,Radhus
Skillingeuddsvägen 15,117,4,0,4100000,35042.73504273504, 3 jul. 2024, Kungsörs kommun,Skillingeudd,Villa
Södergatan 7,215,10,0,3525000,16395.3488372093, 2 jul. 2024, Kungsörs kommun,Kungsör,Villa
Magasinsgatan 8,125,4,0,1000000,8000.0, 28 jun. 2024, Kungsörs kommun,Kungsör,Villa
Magasinsgatan 40,104,4,5 602,1500000,14423.076923076924, 26 jun. 2024, Kungsörs kommun,Kungsör,Other
Ringvägen 16,124,4,0,1495000,12056.451612903225, 25 jun. 2024, Kungsörs kommun,Centralt,Villa
Ängsvägen 28,100,4,0,1350000,13500.0, 24 jun. 2024, Kungsörs kommun,Kungsör,Radhus
Björkvägen 13,105,5,0,1730000,16476.190476190477, 23 jun. 2024, Kungsörs kommun,Kungsör,Villa
Parkgatan 3,115,3,0,1600000,13913.04347826087, 17 jun. 2024, Kungsörs kommun,Skillinge,Villa
Skolgatan 10B,76,3,4 116,1300000,17105.263157894737, 15 jun. 2024, Kungsörs kommun,Valskog,Radhus
Klockarevägen 1,170,4,0,3150000,18529.41176470588, 4 jun. 2024, Kungsörs kommun,Kungsör,Villa
Solrosvägen 21,156,7,0,1625000,10416.666666666666, 30 maj. 2024, Kungsörs kommun,Kungsör,Villa
Magasinsgatan 50,104,4,5 602,900000,8653.846153846154, 30 maj. 2024, Kungsörs kommun,Centralt,Other
Granhammar 312,120,5,0,1750000,14583.333333333334, 27 maj. 2024, Kungsörs kommun,Granhammar,Villa
Örberga 118,80,3,0,1700000,21250.0, 24 maj. 2024, Kungsörs kommun,Örberga,Villa
Krusgatan 4,84,4,0,1695000,20178.571428571428, 23 maj. 2024, Kungsörs kommun,Kungsör,Villa
Ängsberg 111,40,3,0,1500000,37500.0, 22 maj. 2024, Kungsörs kommun,Kungsör,Fritidshus
Klockarevägen 9,90,3,0,2750000,30555.555555555555, 15 maj. 2024, Kungsörs kommun,Kungsör,Villa
Sågvägen 45,158,6,0,2600000,16455.696202531646, 11 maj. 2024, Kungsörs kommun,Sågen,Villa
Linnévägen 6,132,5,0,2000000,15151.515151515152, 8 maj. 2024, Kungsörs kommun,Kungsör,Radhus
Siktvägen 7,140,5,0,1650000,11785.714285714286, 27 apr. 2024, Kungsörs kommun,Kungsör,Villa
Tibblevägen 21,208,7,0,2050000,9855.76923076923, 26 apr. 2024, Kungsörs kommun,Torpa,Villa
Ladugårdsvägen 20,132,5,0,2405000,18219.696969696968, 25 apr. 2024, Kungsörs kommun,Centralt,Villa
Skäftruna 141,200,5,0,3200000,16000.0, 22 apr. 2024, Kungsörs kommun,Skäftruna,Villa
Gamla Köpingsvägen 32,107,4,0,2000000,18691.58878504673, 19 apr. 2024, Kungsörs kommun,Kungsör,Villa
Tornvägen 9,136,4,0,1700000,12500.0, 18 apr. 2024, Kungsörs kommun,Kungsör,Villa
Fredsgatan 16C,175,6,0,5100000,29142.85714285714, 12 apr. 2024, Kungsörs kommun,Kungsör,Villa
Torsgatan 3 B,39,1,2 096,400000,10256.410256410256, 10 apr. 2024, Kungsörs kommun,Centralt i kungsör,Other
Skillingeuddsvägen 36B,154,4,0,4900000,31818.18181818182, 8 apr. 2024, Kungsörs kommun,Skillinge,Villa
Himmelsbergavägen 27,113,6,0,2982400,26392.9203539823, 3 apr. 2024, Kungsörs kommun,Kungsör,Villa
Domherregatan 7,98,3,0,3300000,33673.4693877551, 27 mar. 2024, Kungsörs kommun,Runnaområdet,Villa
Ängsvägen 25,100,5,0,1100000,11000.0, 22 mar. 2024, Kungsörs kommun,Kungsör,Radhus
Dammenvägen 19,130,4,0,2500000,19230.76923076923, 22 mar. 2024, Kungsörs kommun,Lockmora,Villa
Rönnstigen 12,189,6,0,2175000,11507.936507936507, 14 mar. 2024, Kungsörs kommun,Valskog,Villa
Magasinsgatan 11,76,3,4 513,790000,10394.736842105263, 10 mar. 2024, Kungsörs kommun,Kungsör,Radhus
Ekoxgatan 28,162,6,0,2775000,17129.62962962963, 6 mar. 2024, Kungsörs kommun,Kungsör,Villa
Mästaregatan 18A,56,2,3 012,795000,14196.42857142857, 3 mar. 2024, Kungsörs kommun,Kungsör,Other
Sågvägen 39,85,3,0,1400000,16470.58823529412, 29 feb. 2024, Kungsörs kommun,Kungsör,Villa
Vallgatan 3,71,2,0,1200000,16901.408450704224, 27 feb. 2024, Kungsörs kommun,Kungsör,Villa
Birkagatan 9B,80,4,0,1525000,19062.5, 27 feb. 2024, Kungsörs kommun,Kungsör,Villa
Björkstigen 3,106,4,0,1300000,12264.150943396226, 24 feb. 2024, Kungsörs kommun,Valskog,Villa
